"region","id","d13C","d15N","d34S","FA_C16_0","FA_C16_1","FA_C18_0","FA_C18_1","FA_C18_2n6","FA_C18_3n3","FA_C18_4n3","FA_C20_1","FA_C20_4n3","FA_C20_5n3","FA_C22_1","FA_C22_5n3","FA_C22_6n3","FA_C24_1"
"CA","CA-1",-1.67780842926298,-1.31196836485661,0.751453612923824,-1.06179370353496,-0.600203687845316,-0.513873608230319,-0.988007162894705,0.137782867369069,1.0771886949361,-0.107949621697514,1.22058311980341,0.388664790209904,-1.09219945518018,1.35695686450349,-1.25085635391654,-0.596995916405241,0.79503176325284
"CA","CA-10",0.755308529795073,-1.64893725049188,0.141613777553398,-0.548669612466908,-0.635250389926372,0.436232225950004,-1.02076397770153,-0.119644076707448,0.669314341563943,0.0414890154707355,0.91135738935942,-0.322463944583819,-1.26880372555231,0.797892215389367,-0.882008567015365,-0.191683351303262,0.924626332754571
"CA","CA-11",-2.06397401902129,-0.995455900649963,-0.158228416278015,-1.58707670499042,0.0532787554282701,-1.06009753623042,-0.219203634655254,0.602661434317672,1.31937643911896,-0.0765829368580545,1.46970026754587,0.180831630958108,-1.34809814725401,1.34254408481605,-0.919229921873393,-1.10271721558526,0.622800168530936
"CA","CA-12",0.313954637082339,-0.995455900649963,0.346125104822994,-1.01408041607334,-0.803923115723252,-0.211765084760094,-0.981293896792853,0.0928522812673792,0.556121113971205,0.329711172021168,1.33068897193316,0.282626104621152,-0.839642518897911,0.683109509569465,-1.0910875051384,-0.430024930234243,-0.340365391448849
"CA","CA-13",-0.947671612330747,-1.12216973579938,-0.00707143157996491,-1.43749421739376,-0.627410763815186,-0.434657293667232,-0.762263204692079,0.305200577432091,0.661636957073107,0.237639050110942,1.58572042075445,0.34652416001493,-0.954422317543063,0.812008505296067,-1.09617480582632,-0.656839117661184,-0.685942147598293
"CA","CA-14",-0.324034973684556,-1.04734823313968,0.887697259124527,-0.562136785248125,-0.319173248639153,-0.301357280964148,-0.67675764400766,-0.0632946033897062,0.779247053567127,-0.397024516339127,0.637452153472241,-0.0538642692482379,-0.952135084711283,0.728401949888613,-0.72071479575791,0.0145403035982649,1.14132958974277
"CA","CA-15",-0.517082448708512,-0.814436136150822,0.411672020193857,-1.16323020052158,-0.764206724644366,-0.300567801006466,-0.870109798410405,0.0586346427720476,0.549428196392481,0.23584444203802,1.29565696786807,0.256850698615551,-0.809551756592934,0.690376226358613,-0.988457594987641,-0.325606712749768,-0.400918763150395
"CA","CA-16",-0.976736380875257,-0.678671312776332,-0.0217748415920961,-1.0172192272679,-0.713784136397118,-0.283974818304008,-0.895935267331651,0.0696581666859162,0.550359526517962,0.240413517140374,1.26400201050901,0.429841392892599,-0.72744209801311,0.645441092416732,-1.00160201641708,-0.358513566038622,-0.612235736898659
"CA","CA-17",0.339789986899645,-0.463257793022305,1.41591290502015,-0.900549579288976,-0.689370320906476,-0.159844859436617,-0.918328267250061,-0.40089114948533,-0.0375075357890108,0.101085568345599,0.837039238509801,-0.127550782793821,-0.584162825665789,0.712835257527209,-1.0732433781074,0.088993083908105,0.15310903703382
"CA","CA-18",0.387154794898166,-0.486790362407246,1.63757501136941,-0.280639410387495,-1.42788737687622,0.324018811166521,-1.93384644672155,-0.590349023255778,0.0140622450783323,-0.112566429483488,0.490312308582863,0.859502039351784,-0.692508691761712,0.551757360308205,-1.03747513442696,0.870951709503514,1.2318690016958
"CA","CA-19",-1.57094942667383,-0.923047994850269,0.143957903580895,-1.36188259934781,-0.0970160678679221,-0.81589628532647,-0.419003399775479,0.468869611228718,1.21506811467225,0.111659460558548,1.29673734276151,0.251933888650953,-1.20312925122897,1.16879678812453,-0.847834303141531,-0.847492655476687,0.548921360619148
"CA","CA-2",0.501260923257997,-1.43714412602778,0.606712139840163,-1.71518302954618,-0.300961145920383,-0.785749204736643,-0.528170746865027,0.88061899052342,0.595470189001863,0.689737764472708,1.19787514127174,0.472976886611059,-0.746890947800409,1.6430103593171,-0.720816929010682,-0.946158639936571,0.418416076180541
"CA","CA-20",0.486190302531189,-0.997266098294834,0.121353585009241,-0.767021653226709,-0.679090020199664,0.322083605465808,-1.08014383118929,0.116720918391553,0.482415111181509,1.34919456924529,0.690765472706291,0.40419344004669,-0.622336185691247,1.14324480327437,-0.730221744131701,-0.371345340804903,0.322166602524498
"CA","CA-21",-1.07684836141739,-0.687722301001405,0.747608618470063,-1.53222046715261,-1.14041759713856,-0.5323435737547,-1.52258203424434,0.357293470066658,1.44532358908787,-0.132142039351184,1.71646546081758,1.1422156610745,-1.52965503004686,1.5344728464871,-1.26892757162289,-0.631946398447749,1.18012921124411
"CA","CA-22",1.02873264869516,-0.899515425465329,1.49173072844315,0.656091694067086,-1.77421438117687,1.89645138361055,-2.61938902296124,-0.617900878963881,1.59014138972503,0.914583888883088,-0.659809603569201,1.1544508768665,-0.416386702403404,-0.649760026678361,-1.0009817734239,2.44527457675464,1.24976617289363
"CA","CA-23",-2.05428576283979,-0.872362460790468,0.439460636032146,-0.833705262909309,-0.467686757468733,-0.621589633065362,-0.332002281507619,0.668520057527336,1.64706257523597,1.76177742195179,0.860605438741608,1.83550404199733,-0.343679656120108,0.3061179822802,-0.998035672382103,-0.630443428321672,-0.795554955107508
"CA","CA-24",-0.190911157264715,-0.85607068198555,0.262339039008659,-1.41645824405828,-0.39122377490306,-0.855235356960081,-0.675932935956725,0.128125208430481,0.573642703135891,0.584702967991754,1.15078139776209,0.292909721451265,-0.839899443056625,1.62690504267533,-0.672751931500615,-0.820540981431218,0.608308968269004
"CA","CA-25",-2.55053977391433,-1.16380428163411,-0.644017586821745,-1.5205058590373,-0.0951358241373721,-1.35527575565089,-0.33732523311336,0.455818067372478,1.23577694591312,-0.137780293478815,1.31008686619719,0.608153227890728,-1.06838300907426,1.53269442066746,-1.25423174325957,-1.00445542733733,0.748967484193877
"CA","CA-26",-0.0961815412677828,-0.651518348101468,1.82607466972814,-1.21637509763649,-0.795858188800743,-0.773277014094395,-0.973125520892154,0.175733250166057,0.852011638967964,-0.175462813550242,1.31204946645332,0.253593188847444,-0.691884243023125,0.687310965376994,-0.935748157410171,-0.162015650731582,-0.358315575749023
"CA","CA-27",-0.508829489739078,-1.5704953525422,0.560742000793965,-1.03473880410365,-0.734780914066316,-1.01139637647856,-1.0472973007723,-0.0772024737306312,0.710126735480535,-0.508831847313218,1.11070639358277,0.316024831636052,-0.950881891472133,1.3102371877648,-1.19952125969531,-0.236321543027342,1.05329780305383
"CA","CA-28",0.735932017432065,-1.58558033291709,1.37138989823774,-0.308891349272245,-0.900631347304166,-0.684318129614911,-1.29388074070625,-0.335048538225598,0.722973634932538,-0.467689069327377,0.286093450032166,0.538203310835617,-0.294606685800958,0.476721024361516,-0.863007121234392,0.844071621335908,0.518993568221285
"CA","CA-29",0.174013158905094,-0.731167044481184,1.36556839413252,-0.775160862265476,-1.11280264818974,-0.622815099797868,-1.37470960465133,-0.0761489109373248,1.40644400281292,-0.339603432249144,0.82488067962419,1.36646426160369,-0.772148352186529,0.826329989244987,-1.05689623789415,0.248624775653502,1.30503108202487
"CA","CA-3",0.636896509799042,-1.06967400409452,1.65993732695932,-0.940039995737772,-0.371976073057564,-0.843889114633159,-0.802916491428528,0.588494980771814,0.482836653171351,0.407683142256567,0.688984778394039,0.384921559259017,-0.473850149848165,1.20464564618374,-0.655681256661322,-0.295739759553174,0.747971574178073
"CA","CA-30",-0.869089089969616,-0.522994315307182,1.29612313337415,-1.04735354976619,-1.2096354261586,-0.653976947444133,-1.66647222760044,0.193261741445402,1.43658136071223,-0.449645495929234,1.24877901030214,1.10356199122166,-1.17454415016099,1.14803190030874,-1.17323156606825,0.0236010406816388,1.20311562030913
"CA","CA-4",0.190160252541007,-0.975543726554945,1.52135506549628,-0.711294608892977,-0.0301240522842935,-0.888271763886652,-0.543247017132497,0.145560514581541,0.737827434442026,0.623495080170732,0.589710353366033,0.400366190365,-0.393374353197079,0.952083874220501,-0.767991789296111,-0.421795646906853,0.346465523698705
"CA","CA-5",0.257978045811423,-1.08958617818936,0.505085148100627,0.403882026010343,0.815117636074721,-0.825703851369423,0.455854100110113,2.31047938363324,1.85439092300953,1.71489012049746,0.584284251304847,0.770472386239665,-0.464335134859786,-0.170641754209222,-1.58964536296857,-1.35255937357757,-2.16747089919934
"CA","CA-6",-0.41374104943918,-1.18733685101905,0.985503654505919,0.0235778214108187,-0.260362263072003,-0.308054202692527,-0.840441249303044,0.899670075127422,0.78066424580834,-0.271913403538807,0.607266112918546,-0.200186510388722,-1.02430371074534,0.381744769725892,-0.774326441748856,-0.121977935559443,0.743062649311162
"CA","CA-7",0.327948784900041,-0.725736451546213,1.2394188484121,-0.335710825640454,-0.58761564588242,-0.170556118312736,-0.953579765073075,-0.171611935628832,0.966433935301547,-0.584760681003785,0.368313455704303,0.092969826169616,-0.685277872834762,0.363780502906563,-0.436868650927725,0.504311705259717,1.09399527437585
"CA","CA-8",0.158942538178399,-1.15294309576416,-0.0754460942530529,-1.07373021397282,-0.398252462103658,-0.73856240246787,-0.654650053627813,0.26581257822117,0.774419773487151,-0.56663481946916,1.11027278881127,-0.0259461581584419,-1.15997859823446,1.01583519878977,-0.739065592911737,-0.364540561989235,1.07820970423142
"CA","CA-9",-0.00252839817995228,-1.50955203182747,1.09278712298502,-1.01954793472804,-0.526001572410507,-0.424592435646028,-0.729131121173446,0.0975764138948314,0.546084961769366,-0.105062033097645,1.16506877960182,-0.0121348318456786,-0.842414115375771,0.64064536533606,-1.07683527103384,-0.214819394971751,-0.145652404715314
"RS","RS-1",-1.1435896817788,0.412877867153485,-0.612855224857854,-0.577137233545131,0.359083253228826,-0.594932172585472,1.18606369762154,1.74929255533977,1.05849751705305,0.968213853372089,-0.0468802582042053,0.301000010015951,-0.230132171472678,0.708169828302674,-0.253434629077067,-1.04551753191031,-0.297167244050598
"RS","RS-10",0.580561094225089,-0.00346759119452087,-0.742966458319886,-0.3100228997044,0.127060951256755,-0.655177609918317,1.0585415644015,1.70371899020682,1.05535529957979,0.646198043032331,-0.242920899352614,0.636278828865663,0.0781606857167392,0.520123889228339,0.00265963240524227,-0.686059978204904,-0.371009800803707
"RS","RS-11",-0.275952517080036,1.46460269889362,-1.36505738551091,0.556543911746834,1.56158568319341,-0.828751789611156,0.789765321779099,-0.98726176379112,-1.09540901770563,-0.365777944001246,-0.477483849663879,-1.08633826879094,0.984729009595975,-0.500461755344409,1.36309537269324,-0.207463323320983,-0.458591972962045
"RS","RS-12",0.978138421969538,-0.463257793022305,-1.52127930227863,0.636484411232643,0.893720940303963,-0.167715306012099,0.824843503669767,-1.07387240522214,-1.40651856913126,-0.372116922563359,-0.673953529132843,-0.854305493389803,1.48407367685477,-0.801940223972573,1.01373021304415,0.118174233777733,-0.591688861788826
"RS","RS-13",1.08686218578418,0.175741975659569,-1.85451136966665,0.226643672251681,2.34162370836189,-1.34007448903386,1.30620049083448,0.0283014261115246,-0.892449445945229,-0.703787182228932,0.0132777107036734,-0.966828176260592,0.743608015256429,-0.0995617426680471,0.964303389625477,-1.20343267221509,-0.7574754406254
"RS","RS-14",-1.51497283540302,0.275302846134123,-1.29580671135241,-0.793847482190171,0.123958512230418,-1.02287442890529,0.97280742523892,1.7645305672069,0.984309137794957,0.495387084317465,-0.136212142065259,0.103160946326294,-0.163679793139369,0.694245229634145,-0.0749990501264885,-0.990886388151852,3.83965518348546
"RS","RS-15",0.557237514528917,0.284353834359199,-1.68726471860932,-0.142859174571458,1.9666551845022,-1.25690958292987,1.31536376280723,-0.414139253699433,-0.837842929753272,-0.88708217507388,0.145671304080386,-0.978519784666205,0.415252524951485,0.103262832764175,0.892439783349023,-1.08351646127589,-0.336123609816305
"RS","RS-16",-0.343770310350561,0.0345465593502873,0.86080007467255,-0.41412003147857,0.264775320063593,-0.847028328928465,0.960504234241785,1.4626330205415,0.694953054705316,-0.379284021526816,-0.237556653829018,0.0852632588060717,0.0393904079138823,0.335501113512222,0.243948695673076,-0.196427848726953,0.366361728102972
"RS","RS-17",0.443131386168978,-0.452396607152361,-0.479837845952817,0.0414031353205012,1.70380113254347,-1.02458862300242,1.11531147355495,-0.697517007217361,-1.047302372913,-0.796174794718405,0.0146619887249709,-1.27927707334435,0.623811722690668,-0.0143898869060808,0.91039142297722,-0.897580292793217,-0.138554231490105
"RS","RS-18",-0.306093758533651,-0.177246565113637,0.392655653631191,-0.548844421316034,0.272014185059392,-0.985836842360527,0.998715633355719,1.88713001457718,0.999033141208795,0.210775295663235,-0.0348229446058564,0.433552072858031,-0.0398935680082881,0.818924797554089,0.0850410248605905,-0.881535422731708,-0.0852355735106681
"RS","RS-19",1.06425625469407,0.863617080756375,0.346142992732484,0.982627913506007,0.271564562197303,-0.111961712126377,0.394691208273158,-1.20222706557176,-1.17790237862079,-1.00341813307356,-1.01249815476413,-1.26447082724802,1.82708107978655,-1.15691509093715,1.24254043169276,0.899173473993604,0.0953357281698263
"RS","RS-2",1.13745641250979,0.87447826662632,-0.655998124859128,1.606674365229,-1.02695758268448,2.2779997074872,0.682513227015411,-1.37111686171298,-2.30070624587402,0.69760394081294,-1.87682211290936,-1.58072756204882,2.13135119432706,-2.13189748823228,0.315405492075575,1.33790636759768,4.28705189220022
"RS","RS-20",0.256901572902426,0.249960079104314,-0.602550761186242,0.19027595300889,1.89801604063551,-1.25327973113075,1.10934070476287,-0.701263388995521,-1.05087814469429,-0.850437380668041,-0.116112871079339,-0.784769044581076,1.08270757816874,-0.194106077697595,1.3817264079755,-0.84031869836569,-0.720383290041825
"RS","RS-21",0.119113040543278,-0.170005774533794,-0.603491206119902,0.163683589887301,2.07535835320433,-0.539071068181032,1.14219192572625,-0.630860377326491,-1.06130207717389,-0.313180776436516,0.0472724560994539,-1.08421870447927,0.602626633833839,-0.0584227934762203,0.921390596458126,-1.14737399386469,-0.724121478349856
"RS","RS-22",0.243983897993717,0.472614389438182,0.370245917805453,-0.222960173973359,-0.006047599661784,0.709870478782108,0.940064209031998,1.21270261865779,0.590378368945071,0.787856677157724,-0.32924680304493,-0.0979873893962257,-0.116865274171433,0.295965932407142,-0.0779780654067033,-0.522426491516929,-0.123058819595141
"RS","RS-23",0.429496062654273,1.33064807316431,-0.291321494880334,0.181329629240411,2.06184424669801,-0.1388436367674,1.26312518895198,-0.564563562229583,-0.943335697738297,0.0411307840684983,-0.180063680501373,-0.917479409768084,0.701584862873917,-0.248014909854016,1.0156178305206,-1.0978346316334,-0.7190278897292
"RS","RS-24",1.1568329248728,0.164880789789624,-0.505153218760506,0.361156525479871,1.61586686478145,0.230677819528435,1.02475140887004,-0.748478641255132,-0.958896750712404,0.040953800697165,-0.385140714681951,-1.08697980261491,0.819558099592198,-0.462405882764448,1.06189727441658,-0.535888203675408,-0.493804641352688
"RS","RS-25",0.0889717990897762,0.957747358295958,-0.881125053921577,0.463253691855854,1.66041506210583,-0.0412598761756119,0.969357491503831,-0.871506603525696,-1.21336849365625,-0.271962935448846,-0.23632940430058,-1.14679505981506,0.864287219267795,-0.35266680203522,1.19071061947294,-0.772568785733159,-0.655106467937208
"RS","RS-26",1.05133857978536,0.322367984904004,-0.671214173796958,0.85931703714389,0.798824891443804,0.821591672430466,0.476788342638045,-1.13018996922417,-1.18791546571637,-0.115398782797274,-0.602860463974395,-1.34052876822198,1.3214426325302,-0.804102623309645,1.22790741019083,-0.0176853652765173,-0.21286180922996
"RS","RS-27",0.912473574517224,0.525110121143037,-0.438010658789155,0.0670547705982528,0.163739754042037,0.25021799502792,0.838588335844876,1.11982658867151,0.726936653682924,0.532752963273343,-0.557326906602676,0.411596484302116,0.39395067690369,0.00675505545645825,-0.0305655649120024,-0.23561140103889,-0.151588303730648
"RS","RS-28",1.1385328854189,0.373053518963808,0.558710047743241,1.93098601726235,-1.16687810201947,2.60795265749659,-1.48026854847286,0.0624887488543379,0.0910758416205509,0.548728616849107,-1.52554677889652,-0.498394095367469,1.64489237789304,-1.26745241269279,0.230248439797163,1.82365414223628,0.0471555273504247
"RS","RS-29",0.557237514528917,0.409257471863565,-0.437421517163928,0.508081307885584,1.91577512900292,-0.188279871063875,0.72952402707623,-0.224059358984929,-1.00350225238651,-0.519514478371468,-0.00099218771270468,-1.1550376193451,0.571749653608231,-0.0955039526261161,0.946895252896928,-0.999864351563013,-0.582257185724794
"RS","RS-3",-1.39440786958878,0.818362139631728,-0.176767367873304,-0.118644226422257,0.222904469611544,-0.698788851117077,1.0622109132655,1.609129541647,1.07011752589776,0.46723426643947,-0.364371690568749,0.433829490534819,0.084491371298998,0.32302800878529,0.0989505020830162,-0.496429442545791,-0.621424475260761
"RS","RS-30",0.718708450887269,0.487095970598229,-0.383957763882847,0.556413150130797,1.64972735148924,-0.114039628663748,0.570887270333758,-0.411799414060536,-1.08922131882406,-0.624478022033141,-0.13191436755347,-1.06709976837709,0.972369361066668,-0.195975054442826,1.19971688355498,-0.79928704827465,-0.548629426122101
"RS","RS-4",-0.977812853784254,0.172121580369649,-0.632046937298276,-0.722247571182231,0.385066818946711,-0.945684850781452,1.20741405130165,1.91340092397646,1.22782766805294,0.610994202074963,0.0146632130842276,0.638157391763105,-0.149314311047415,0.810967213201617,-0.0249076587524959,-1.02903632772426,-0.298000564578748
"RS","RS-5",-0.440652872165591,0.928784195976227,-1.62568874783732,0.214088118277538,2.05699366733384,-1.2621343157042,1.14472311632051,-0.556536407603314,-0.863342283349727,-0.6285339327476,-0.0459836607326217,-0.881800178139047,0.853464860436727,-0.189846145999459,0.872024253872051,-0.907314573067611,-0.91600795750765
"RS","RS-6",-0.415893995257282,1.05549803112564,-1.57136895686101,0.411005208937253,1.97669150119488,-1.07872977836953,1.08590305756654,-0.650592583649838,-0.600201742796085,-0.396554483170717,-0.162979708370075,-0.918412066139849,0.973571762136071,-0.310948953893336,1.14608814528151,-0.917807264486719,-0.812856072229462
"RS","RS-7",0.980291367787749,0.490716365888149,-1.37244571631636,0.742548330233168,0.719324161495264,0.414653637259021,1.30310681634721,-0.983031431324363,-1.82622971042247,-0.0415756446915208,-0.75319176140046,-1.01373861232445,1.072505783603,-0.981508490700016,0.850134062312628,-0.0885578800694318,-0.737843429811361
"RS","RS-8",0.845732254155809,0.753195024411877,-1.39152185582717,0.861096492233438,0.466298359099477,0.45779837679606,1.05936342298355,-1.02628504806775,-1.29102588311053,-0.00995862099063431,-0.869049744319299,-1.44748722464796,1.60966289518922,-1.06301372249802,0.770013446224875,0.123013008751513,-0.286892483274176
"RS","RS-9",1.35598041304806,0.378484111898782,-1.38518741371933,1.13256208125103,-0.267613839053344,0.60288273157881,0.405669163218276,-1.41831119386549,-1.27505848777926,0.0839051683548523,-1.38088740621466,-1.66132697261699,2.38750879822774,-1.59316975910533,1.10055750267282,1.24187847326645,-0.495522558794289
"US","US-1",0.00083584158568078,-0.272335276237521,0.495846330669979,1.989113390257,0.024035258767628,1.55963876777226,0.932446219688134,-4.57386747659344,-1.86599836299721,-2.43896141190081,-2.33137016371039,-1.53512359472667,-0.737787045777546,0.699367775235423,-0.794165821705397,1.1481029874068,1.81039573483743
"US","US-10",1.24607292111684,1.21708100112781,-0.0800399558543598,1.52620758270947,-0.441959363967227,1.00762806871131,0.36147886393994,-0.554571344596161,-1.19328463274543,-1.04968885767704,-1.79490247004896,-0.0168084517546559,1.16469644220155,-2.05029746628617,3.28367598470294,1.97955128360479,-0.678961594973855
"US","US-11",-1.46972985233698,-0.43353274119762,1.08097143462497,-0.864786843879467,-0.538271314480449,0.20961136585273,-0.0708952835150326,-0.552783304417426,-0.279866004716314,-1.14150117679329,1.18127602431851,-0.491547041174224,-1.69800613446557,0.992294455064651,-0.992274768476294,-0.641720755387061,0.761489129845654
"US","US-12",0.33613344481876,0.705716758351829,-0.535821615777261,1.73523196215021,-0.862292317373646,2.57004853575498,-0.622236319105749,0.0548259157812654,-0.407419375515015,1.03034778001995,-1.52115926550346,-0.964441239320184,0.514751553564536,-1.96028210971386,0.540065940078737,2.10231198569883,-1.16614068659706
"US","US-13",-0.0153360685381933,0.167788139327615,-0.129313648818828,0.369864807759294,1.2390318534926,-0.371710366005916,1.64072691478101,1.17952178026836,0.256519032632312,2.58890158453874,-1.05352225160983,2.3401949627364,0.589557938048545,-0.907948303370708,0.844079962588346,-0.528667704009062,-1.53937026328084
"US","US-14",-0.0724768176422134,-0.013332607818522,1.25342936000117,0.702005119083344,-1.23185057581949,2.05991404919296,-0.0697447985403494,-1.38856913899893,-1.70688403291607,-0.550469399299488,0.123027782151008,-0.977934881385321,-1.310794455749,-0.469592251609716,-1.41062388054526,0.674648137730652,-0.350935831243537
"US","US-15",-1.28860445895061,0.124319160012629,0.505085148100627,-0.0543779516962153,-0.133146273703314,0.734680169905887,0.498961573007557,-0.504852865799318,-1.0660100638157,-1.4693385263726,0.5250781100558,-1.68210464234323,-1.52066247181597,0.448693023535241,-1.25861175767571,-0.22316648638891,0.949567297647884
"US","US-16",0.120507976501604,-1.19061746426858,1.05941419395275,-0.668784028632764,-0.960508494816711,-0.395402734191442,-1.36613997278361,-0.30860543744203,0.751836563348713,0.173592540494487,1.10528209273085,1.09395819876726,-0.868824457007067,0.708897447872946,-0.621008133092269,-0.0158763692765151,-0.150642750833856
"US","US-17",-2.46915389798675,0.310873529573138,0.960866808023528,-0.494887429607068,-0.673429445423049,0.518889224546034,0.208826291881812,-0.831903537762619,-0.402037057540366,-1.33233007478343,0.947313928879869,0.141920870786232,-1.1736454889222,0.303766289195773,-0.803732959875504,-0.409257593096129,-0.630618806552753
"US","US-18",0.804040711066799,2.15468273552109,-0.494246937338158,2.95651984877506,-1.50360970689894,2.8537124222946,-1.21877974947794,-1.89358543215878,-1.77723743312108,-0.26558072037172,-2.61802294090066,-0.514724257677151,2.00141399304278,-2.87048466005337,0.968280605703206,3.75251805335269,0.0311874335001836
"US","US-19",0.143148650674942,0.423168392803696,-1.26568819281562,0.652256530117731,-0.100195033009979,0.713918265153546,0.260778358476246,0.920582830481121,0.372415568288383,0.791914374168666,-1.32010705364201,1.18180866076968,1.28857707006485,-1.433984109041,1.77701083445885,1.01340296570366,-1.36771688646787
"US","US-2",1.47032340816665,0.511917558905306,-1.40427045427865,2.41072949095668,-1.09806338095939,1.78380148664894,-1.27607699804943,-0.461226111888847,-0.454231341700412,-0.0417628186827567,-1.70735798788633,-0.150810780214276,1.50542461330319,-1.88788373959518,0.151624485014714,2.20293357444563,-0.224966874291265
"US","US-20",-0.6837750203212,1.1784419084032,-3.22739709397027,0.224008974776872,1.02899331982775,-0.0744022417217274,1.37577501377246,1.34180386340555,0.37264068592146,2.51671672976575,-0.840558535203515,1.79983724982035,0.326682932841669,-0.693063538675817,0.430758971106087,-0.51775498702812,-1.17880016317636
"US","US-21",-0.32691487025636,1.40122042739305,-0.0954379849056427,1.28592879182527,-0.877102837936108,1.40641080380071,-0.87419981928383,-0.576234642562373,-0.650601924899099,2.09320577236916,-1.3414421469087,1.50029479695986,0.863614095684157,-1.44331717520781,1.19200251582798,1.785059070709,-0.984833800776088
"US","US-22",-1.25087000199509,0.517351181319682,0.344945645965683,0.405175664460857,1.09232691127624,-0.2024552086875,1.46341686026304,1.03875096017014,0.153677965463995,2.37740667445605,-0.969828400669861,2.22173894548939,0.456784844238532,-0.850497936205719,0.654991066547108,-0.413078664172099,-1.36294370350654
"US","US-23",-2.36996618256082,0.351323829769087,-0.732916387635707,-0.375412331398353,0.648746595154661,-0.629454376769284,1.09917553263475,0.116646979427733,0.375886997267795,-0.259993532836785,-0.112993505320519,0.748830816221639,0.421486272914733,-0.289139338581439,0.540727684359579,-0.426475854617184,-0.78835142242252
"US","US-24",0.550680785794229,1.0806367049443,-0.338726843918533,0.384445187094461,-0.27768603307434,-0.0891525649586552,1.0823868211931,1.41871695154259,1.29328806201631,4.16617678719421,-1.11919566790054,3.92001551108722,0.499639860009257,-1.06040665279404,1.01048255100233,-0.0539563105611756,-1.94393445607587
"US","US-25",0.534508875670464,1.89749127457355,-0.615891366844587,1.43790204026522,-0.683747470934521,1.7628792324636,-1.07448775522894,-0.0675360731094081,-1.72511108638965,-0.267313690255106,-1.16786386152628,-0.23663643914541,0.685964261255867,-1.20252580970885,0.272922219909847,1.63977147612031,-0.729547073973638
"US","US-26",0.634774718437893,1.70369207512721,-0.23402024636868,-0.236032455470599,0.392380648793942,-0.332263108294675,0.171612009871542,1.64756020775839,-0.243264855704174,-1.1866330796111,-0.0933238496237014,-0.700910498737618,0.168214885755741,0.0188806775571205,0.201902062881267,0.0723650195143361,-0.611890310238651
"US","US-27",0.0741485008134624,0.276460587615259,-0.0769603500440428,0.44758130907486,-0.752348211422979,-0.551006709283889,-0.513125563201062,-0.208894536760312,0.380735247517956,0.118991946979594,0.112689044399641,0.0170894685141689,0.193292004553311,0.175193775052695,-0.312510406126857,-0.0941247425356226,0.207131076534631
"US","US-28",1.09729134797805,1.17663070093174,-0.212463005696763,1.13042662098696,-0.726816004993113,1.38194866264654,-0.987771202543502,0.138298754098973,-0.856809009809133,-0.743023717723314,-1.11840792792444,-0.79979745220818,0.858417815602012,-1.20635933426232,0.29187481759041,1.93939107058085,-0.174026338100974
"US","US-29",-1.16677606935143,0.410489940503493,-0.175507735973261,-0.589387252862395,0.406267856728354,-0.697463384033423,0.817710988201354,0.109245581662703,0.197848150569118,-0.378631240614194,0.126929769064392,0.55530746126611,0.0935197751089297,-0.0225360995366048,0.45171732692031,-0.363000826327648,-0.539515235637655
"US","US-3",-0.419633821632752,-1.04753207402324,1.28730502391435,-0.358437705370616,-1.26866438039366,0.321767486104831,-1.56299209891663,-0.0389690432592335,-0.126246195269563,0.133330704994952,0.418611127353081,1.34212177272952,-0.584729408896312,0.723507998414569,0.0437130157458949,0.397812792399012,0.713378019821635
"US","US-30",0.153929924090821,1.66565671822642,-0.153950495301354,-0.506815431476888,0.995930277059178,-0.389722752580288,0.841213924667411,0.629940563783622,-0.259959771338528,-1.49607598606833,0.0804952885484141,-1.01908948569275,-0.779026526845964,0.185825039874829,-0.0796889390658556,-0.0955793024534251,0.27377271926113
"US","US-4",-0.037976742711423,-0.205320599793404,1.9032261859722,0.173342749542657,-1.00832379599489,1.05420446727681,0.529868011410394,-0.839950516378004,-0.832633127982874,-1.80293173176688,0.462725632429721,-0.88480220907345,-1.32353173609713,-0.253042160584203,-1.24181130137042,0.292741857436468,-0.0889020550500156
"US","US-5",0.739353070571737,-0.578429338914602,1.20723527284672,-0.786246344855813,-0.655890371443882,0.00457463837347871,-0.265955028833731,-0.0504422114343652,0.0630853122246541,-1.32125816726332,0.987226409517191,-0.459471998165919,-1.55397951000102,0.771727413634237,-0.704647676584256,-0.248551305734078,1.17926585013534
"US","US-6",2.29401269713795,2.16011635793547,-1.26876779862593,1.15129105920142,0.191211680254731,0.644631102283566,0.570557939443776,-0.0866629642056276,-1.28935179717406,-1.00108744340306,-1.34106005730156,0.442290134880905,0.690448862351337,-1.5651260047426,2.01749126666162,1.33105159272095,-0.235727021258842
"US","US-7",1.02290056140868,0.830690073882594,-0.883817072340003,1.60487495582195,-0.311364667602296,0.303050129328065,-0.215934152538884,-0.0101398033473759,-0.330775679932252,-0.286202151947287,-1.14194638476521,0.376422377602721,1.18827702526194,-1.2377529116705,0.536936793519021,1.08590854182632,-0.378561431455374
"US","US-8",2.13013734121693,2.74694757868904,-0.397239354314234,2.14166775324262,-0.776542703769101,2.51021463359112,-0.707883252484624,-0.706378657841755,-0.222550337044119,-0.339691420613572,-1.75442873222348,-0.109573171987627,0.974719834416923,-1.97966347387724,2.11683428684973,2.00930536776348,-0.629706497487551
"US","US-9",-1.1247291030296,-2.10708844482826,0.957787202213357,-0.536793488200841,-0.635705462531929,0.252682874145561,-0.282119990471473,-0.357517589189363,-0.0986593851566711,-1.38086596103668,0.920008129886667,-0.459981276325627,-1.55151850619322,0.797579096157212,-0.870095415011847,-0.294875465527553,0.800450776353329
